pokedex_number,name,type1,type2,weight_kg,height_m,generation,is_legendary,abilities
1,Bulbasaur,grass,poison,6.9,0.7,1,0,"['Overgrow', 'Chlorophyll']"
2,Ivysaur,grass,poison,13,1,1,0,"['Overgrow', 'Chlorophyll']"
3,Venusaur,grass,poison,100,2,1,0,"['Overgrow', 'Chlorophyll']"
4,Charmander,fire,,8.5,0.6,1,0,"['Blaze', 'Solar Power']"
5,Charmeleon,fire,,19,1.1,1,0,"['Blaze', 'Solar Power']"
6,Charizard,fire,flying,90.5,1.7,1,0,"['Blaze', 'Solar Power']"
7,Squirtle,water,,9,0.5,1,0,"['Torrent', 'Rain Dish']"
8,Wartortle,water,,22.5,1,1,0,"['Torrent', 'Rain Dish']"
9,Blastoise,water,,85.5,1.6,1,0,"['Torrent', 'Rain Dish']"
10,Caterpie,bug,,2.9,0.3,1,0,"['Shield Dust', 'Run Away']"
11,Metapod,bug,,9.9,0.7,1,0,['Shed Skin']
12,Butterfree,bug,flying,32,1.1,1,0,"['Compoundeyes', 'Tinted Lens']"
13,Weedle,bug,poison,3.2,0.3,1,0,"['Shield Dust', 'Run Away']"
14,Kakuna,bug,poison,10,0.6,1,0,['Shed Skin']
15,Beedrill,bug,poison,29.5,1,1,0,"['Swarm', 'Sniper']"
16,Pidgey,normal,flying,1.8,0.3,1,0,"['Keen Eye', 'Tangled Feet', 'Big Pecks']"
17,Pidgeotto,normal,flying,30,1.1,1,0,"['Keen Eye', 'Tangled Feet', 'Big Pecks']"
18,Pidgeot,normal,flying,39.5,1.5,1,0,"['Keen Eye', 'Tangled Feet', 'Big Pecks']"
19,Rattata,normal,dark,,,1,0,"['Run Away', 'Guts', 'Hustle', 'Gluttony', 'Hustle', 'Thick Fat']"
20,Raticate,normal,dark,,,1,0,"['Run Away', 'Guts', 'Hustle', 'Gluttony', 'Hustle', 'Thick Fat']"
21,Spearow,normal,flying,2,0.3,1,0,"['Keen Eye', 'Sniper']"
22,Fearow,normal,flying,38,1.2,1,0,"['Keen Eye', 'Sniper']"
23,Ekans,poison,,6.9,2,1,0,"['Intimidate', 'Shed Skin', 'Unnerve']"
24,Arbok,poison,,65,3.5,1,0,"['Intimidate', 'Shed Skin', 'Unnerve']"
25,Pikachu,electric,,6,0.4,1,0,"['Static', 'Lightningrod']"
26,Raichu,electric,electric,,,1,0,"['Static', 'Lightningrod', 'Surge Surfer']"
27,Sandshrew,ground,ice,,,1,0,"['Sand Veil', 'Sand Rush', 'Snow Cloak', 'Slush Rush']"
28,Sandslash,ground,ice,,,1,0,"['Sand Veil', 'Sand Rush', 'Snow Cloak', 'Slush Rush']"
29,Nidoran (Female),poison,,7,0.4,1,0,"['Poison Point', 'Rivalry', 'Hustle']"
30,Nidorina,poison,,20,0.8,1,0,"['Poison Point', 'Rivalry', 'Hustle']"
31,Nidoqueen,poison,ground,60,1.3,1,0,"['Poison Point', 'Rivalry', 'Sheer Force']"
32,Nidoran (Male),poison,,9,0.5,1,0,"['Poison Point', 'Rivalry', 'Hustle']"
33,Nidorino,poison,,19.5,0.9,1,0,"['Poison Point', 'Rivalry', 'Hustle']"
34,Nidoking,poison,ground,62,1.4,1,0,"['Poison Point', 'Rivalry', 'Sheer Force']"
35,Clefairy,fairy,,7.5,0.6,1,0,"['Cute Charm', 'Magic Guard', 'Friend Guard']"
36,Clefable,fairy,,40,1.3,1,0,"['Cute Charm', 'Magic Guard', 'Unaware']"
37,Vulpix,fire,ice,,,1,0,"['Flash Fire', 'Drought', 'Snow Cloak', 'Snow Warning']"
38,Ninetales,fire,ice,,,1,0,"['Flash Fire', 'Drought', 'Snow Cloak', 'Snow Warning']"
39,Jigglypuff,normal,fairy,5.5,0.5,1,0,"['Cute Charm', 'Competitive', 'Friend Guard']"
40,Wigglytuff,normal,fairy,12,1,1,0,"['Cute Charm', 'Competitive', 'Frisk']"
41,Zubat,poison,flying,7.5,0.8,1,0,"['Inner Focus', 'Infiltrator']"
42,Golbat,poison,flying,55,1.6,1,0,"['Inner Focus', 'Infiltrator']"
43,Oddish,grass,poison,5.4,0.5,1,0,"['Chlorophyll', 'Run Away']"
44,Gloom,grass,poison,8.6,0.8,1,0,"['Chlorophyll', 'Stench']"
45,Vileplume,grass,poison,18.6,1.2,1,0,"['Chlorophyll', 'Effect Spore']"
46,Paras,bug,grass,5.4,0.3,1,0,"['Effect Spore', 'Dry Skin', 'Damp']"
47,Parasect,bug,grass,29.5,1,1,0,"['Effect Spore', 'Dry Skin', 'Damp']"
48,Venonat,bug,poison,30,1,1,0,"['Compoundeyes', 'Tinted Lens', 'Run Away']"
49,Venomoth,bug,poison,12.5,1.5,1,0,"['Shield Dust', 'Tinted Lens', 'Wonder Skin ']"
50,Diglett,ground,ground,,,1,0,"['Sand Veil', 'Arena Trap', 'Sand Force', 'Sand Veil', 'Tangling Hair', 'Sand Force']"
51,Dugtrio,ground,ground,,,1,0,"['Sand Veil', 'Arena Trap', 'Sand Force', 'Sand Veil', 'Tangling Hair', 'Sand Force']"
52,Meowth,normal,dark,,,1,0,"['Pickup', 'Technician', 'Unnerve', 'Pickup', 'Technician', 'Rattled']"
53,Persian,normal,dark,,,1,0,"['Limber', 'Technician', 'Unnerve', 'Fur Coat', 'Technician', 'Rattled']"
54,Psyduck,water,,19.6,0.8,1,0,"['Damp', 'Cloud Nine', 'Swift Swim']"
55,Golduck,water,,76.6,1.7,1,0,"['Damp', 'Cloud Nine', 'Swift Swim']"
56,Mankey,fighting,,28,0.5,1,0,"['Vital Spirit', 'Anger Point', 'Defiant']"
57,Primeape,fighting,,32,1,1,0,"['Vital Spirit', 'Anger Point', 'Defiant']"
58,Growlithe,fire,,19,0.7,1,0,"['Intimidate', 'Flash Fire', 'Justified']"
59,Arcanine,fire,,155,1.9,1,0,"['Intimidate', 'Flash Fire', 'Justified']"
60,Poliwag,water,,12.4,0.6,1,0,"['Water Absorb', 'Damp', 'Swift Swim']"
61,Poliwhirl,water,,20,1,1,0,"['Water Absorb', 'Damp', 'Swift Swim']"
62,Poliwrath,water,fighting,54,1.3,1,0,"['Water Absorb', 'Damp', 'Swift Swim']"
63,Abra,psychic,,19.5,0.9,1,0,"['Synchronize', 'Inner Focus', 'Magic Guard']"
64,Kadabra,psychic,,56.5,1.3,1,0,"['Synchronize', 'Inner Focus', 'Magic Guard']"
65,Alakazam,psychic,,48,1.5,1,0,"['Synchronize', 'Inner Focus', 'Magic Guard']"
66,Machop,fighting,,19.5,0.8,1,0,"['Guts', 'No Guard', 'Steadfast']"
67,Machoke,fighting,,70.5,1.5,1,0,"['Guts', 'No Guard', 'Steadfast']"
68,Machamp,fighting,,130,1.6,1,0,"['Guts', 'No Guard', 'Steadfast']"
69,Bellsprout,grass,poison,4,0.7,1,0,"['Chlorophyll', 'Gluttony']"
70,Weepinbell,grass,poison,6.4,1,1,0,"['Chlorophyll', 'Gluttony']"
71,Victreebel,grass,poison,15.5,1.7,1,0,"['Chlorophyll', 'Gluttony']"
72,Tentacool,water,poison,45.5,0.9,1,0,"['Clear Body', 'Liquid Ooze', 'Rain Dish']"
73,Tentacruel,water,poison,55,1.6,1,0,"['Clear Body', 'Liquid Ooze', 'Rain Dish']"
74,Geodude,rock,ground,,,1,0,"['Rock Head', 'Sturdy', 'Sand Veil', 'Magnet Pull', 'Sturdy', 'Galvanize']"
75,Graveler,rock,ground,,,1,0,"['Rock Head', 'Sturdy', 'Sand Veil', 'Magnet Pull', 'Sturdy', 'Galvanize']"
76,Golem,rock,ground,,,1,0,"['Rock Head', 'Sturdy', 'Sand Veil', 'Magnet Pull', 'Sturdy', 'Galvanize']"
77,Ponyta,fire,,30,1,1,0,"['Run Away', 'Flash Fire', 'Flame Body']"
78,Rapidash,fire,,95,1.7,1,0,"['Run Away', 'Flash Fire', 'Flame Body']"
79,Slowpoke,water,psychic,36,1.2,1,0,"['Oblivious', 'Own Tempo', 'Regenerator']"
80,Slowbro,water,psychic,78.5,1.6,1,0,"['Oblivious', 'Own Tempo', 'Regenerator']"
81,Magnemite,electric,steel,6,0.3,1,0,"['Magnet Pull', 'Sturdy', 'Analytic']"
82,Magneton,electric,steel,60,1,1,0,"['Magnet Pull', 'Sturdy', 'Analytic']"
83,Farfetch'd,normal,flying,15,0.8,1,0,"['Keen Eye', 'Inner Focus', 'Defiant']"
84,Doduo,normal,flying,39.2,1.4,1,0,"['Run Away', 'Early Bird', 'Tangled Feet']"
85,Dodrio,normal,flying,85.2,1.8,1,0,"['Run Away', 'Early Bird', 'Tangled Feet']"
86,Seel,water,,90,1.1,1,0,"['Thick Fat', 'Hydration', 'Ice Body']"
87,Dewgong,water,ice,120,1.7,1,0,"['Thick Fat', 'Hydration', 'Ice Body']"
88,Grimer,poison,poison,,,1,0,"['Stench', 'Sticky Hold', 'Poison Touch', 'Poison Touch', 'Gluttony', 'Power of Alchemy']"
89,Muk,poison,poison,,,1,0,"['Stench', 'Sticky Hold', 'Poison Touch', 'Poison Touch', 'Gluttony', 'Power of Alchemy']"
90,Shellder,water,,4,0.3,1,0,"['Shell Armor', 'Skill Link', 'Overcoat']"
91,Cloyster,water,ice,132.5,1.5,1,0,"['Shell Armor', 'Skill Link', 'Overcoat']"
92,Gastly,ghost,poison,0.1,1.3,1,0,['Levitate']
93,Haunter,ghost,poison,0.1,1.6,1,0,['Levitate']
94,Gengar,ghost,poison,40.5,1.5,1,0,['Cursed Body']
95,Onix,rock,ground,210,8.8,1,0,"['Rock Head', 'Sturdy', 'Weak Armor']"
96,Drowzee,psychic,,32.4,1,1,0,"['Insomnia', 'Forewarn', 'Inner Focus']"
97,Hypno,psychic,,75.6,1.6,1,0,"['Insomnia', 'Forewarn', 'Inner Focus']"
98,Krabby,water,,6.5,0.4,1,0,"['Hyper Cutter', 'Shell Armor', 'Sheer Force']"
99,Kingler,water,,60,1.3,1,0,"['Hyper Cutter', 'Shell Armor', 'Sheer Force']"
100,Voltorb,electric,,10.4,0.5,1,0,"['Soundproof', 'Static', 'Aftermath']"
101,Electrode,electric,,66.6,1.2,1,0,"['Soundproof', 'Static', 'Aftermath']"
102,Exeggcute,grass,psychic,2.5,0.4,1,0,"['Chlorophyll', 'Harvest']"
103,Exeggutor,grass,psychic,,,1,0,"['Chlorophyll', 'Harvest', 'Frisk', 'Harvest']"
104,Cubone,ground,,6.5,0.4,1,0,"['Rock Head', 'Lightningrod', 'Battle Armor']"
105,Marowak,ground,fire,,,1,0,"['Rock Head', 'Lightningrod', 'Battle Armor', 'Cursed Body', 'Lightningrod', 'Rock Head']"
106,Hitmonlee,fighting,,49.8,1.5,1,0,"['Limber', 'Reckless', 'Unburden']"
107,Hitmonchan,fighting,,50.2,1.4,1,0,"['Keen Eye', 'Iron Fist', 'Inner Focus']"
108,Lickitung,normal,,65.5,1.2,1,0,"['Own Tempo', 'Oblivious', 'Cloud Nine']"
109,Koffing,poison,,1,0.6,1,0,['Levitate']
110,Weezing,poison,,9.5,1.2,1,0,['Levitate']
111,Rhyhorn,ground,rock,115,1,1,0,"['Lightningrod', 'Rock Head', 'Reckless']"
112,Rhydon,ground,rock,120,1.9,1,0,"['Lightningrod', 'Rock Head', 'Reckless']"
113,Chansey,normal,,34.6,1.1,1,0,"['Natural Cure', 'Serene Grace', 'Healer']"
114,Tangela,grass,,35,1,1,0,"['Chlorophyll', 'Leaf Guard', 'Regenerator']"
115,Kangaskhan,normal,,80,2.2,1,0,"['Early Bird', 'Scrappy', 'Inner Focus']"
116,Horsea,water,,8,0.4,1,0,"['Swift Swim', 'Sniper', 'Damp']"
117,Seadra,water,,25,1.2,1,0,"['Poison Point', 'Sniper', 'Damp']"
118,Goldeen,water,,15,0.6,1,0,"['Swift Swim', 'Water Veil', 'Lightningrod']"
119,Seaking,water,,39,1.3,1,0,"['Swift Swim', 'Water Veil', 'Lightningrod']"
120,Staryu,water,,34.5,0.8,1,0,"['Illuminate', 'Natural Cure', 'Analytic']"
121,Starmie,water,psychic,80,1.1,1,0,"['Illuminate', 'Natural Cure', 'Analytic']"
122,Mr. Mime,psychic,fairy,54.5,1.3,1,0,"['Soundproof', 'Filter', 'Technician']"
123,Scyther,bug,flying,56,1.5,1,0,"['Swarm', 'Technician', 'Steadfast']"
124,Jynx,ice,psychic,40.6,1.4,1,0,"['Oblivious', 'Forewarn', 'Dry Skin']"
125,Electabuzz,electric,,30,1.1,1,0,"['Static', 'Vital Spirit']"
126,Magmar,fire,,44.5,1.3,1,0,"['Flame Body', 'Vital Spirit']"
127,Pinsir,bug,,55,1.5,1,0,"['Hyper Cutter', 'Mold Breaker', 'Moxie']"
128,Tauros,normal,,88.4,1.4,1,0,"['Intimidate', 'Anger Point', 'Sheer Force']"
129,Magikarp,water,,10,0.9,1,0,"['Swift Swim', 'Rattled']"
130,Gyarados,water,flying,235,6.5,1,0,"['Intimidate', 'Moxie']"
131,Lapras,water,ice,220,2.5,1,0,"['Water Absorb', 'Shell Armor', 'Hydration']"
132,Ditto,normal,,4,0.3,1,0,"['Limber', 'Imposter']"
133,Eevee,normal,,6.5,0.3,1,0,"['Run Away', 'Adaptability', 'Anticipation']"
134,Vaporeon,water,,29,1,1,0,"['Water Absorb', 'Hydration']"
135,Jolteon,electric,,24.5,0.8,1,0,"['Volt Absorb', 'Quick Feet']"
136,Flareon,fire,,25,0.9,1,0,"['Flash Fire', 'Guts']"
137,Porygon,normal,,36.5,0.8,1,0,"['Trace', 'Download', 'Analytic']"
138,Omanyte,rock,water,7.5,0.4,1,0,"['Swift Swim', 'Shell Armor', 'Weak Armor']"
139,Omastar,rock,water,35,1,1,0,"['Swift Swim', 'Shell Armor', 'Weak Armor']"
140,Kabuto,rock,water,11.5,0.5,1,0,"['Swift Swim', 'Battle Armor', 'Weak Armor']"
141,Kabutops,rock,water,40.5,1.3,1,0,"['Swift Swim', 'Battle Armor', 'Weak Armor']"
142,Aerodactyl,rock,flying,59,1.8,1,0,"['Rock Head', 'Pressure', 'Unnerve']"
143,Snorlax,normal,,460,2.1,1,0,"['Immunity', 'Thick Fat', 'Gluttony']"
144,Articuno,ice,flying,55.4,1.7,1,1,"['Pressure', 'Snow Cloak']"
145,Zapdos,electric,flying,52.6,1.6,1,1,"['Pressure', 'Static']"
146,Moltres,fire,flying,60,2,1,1,"['Pressure', 'Flame Body']"
147,Dratini,dragon,,3.3,1.8,1,0,"['Shed Skin', 'Marvel Scale']"
148,Dragonair,dragon,,16.5,4,1,0,"['Shed Skin', 'Marvel Scale']"
149,Dragonite,dragon,flying,210,2.2,1,0,"['Inner Focus', 'Multiscale']"
150,Mewtwo,psychic,,122,2,1,1,"['Pressure', 'Unnerve']"
151,Mew,psychic,,4,0.4,1,1,['Synchronize']
152,Chikorita,grass,,6.4,0.9,2,0,"['Overgrow', 'Leaf Guard']"
153,Bayleef,grass,,15.8,1.2,2,0,"['Overgrow', 'Leaf Guard']"
154,Meganium,grass,,100.5,1.8,2,0,"['Overgrow', 'Leaf Guard']"
155,Cyndaquil,fire,,7.9,0.5,2,0,"['Blaze', 'Flash Fire']"
156,Quilava,fire,,19,0.9,2,0,"['Blaze', 'Flash Fire']"
157,Typhlosion,fire,,79.5,1.7,2,0,"['Blaze', 'Flash Fire']"
158,Totodile,water,,9.5,0.6,2,0,"['Torrent', 'Sheer Force']"
159,Croconaw,water,,25,1.1,2,0,"['Torrent', 'Sheer Force']"
160,Feraligatr,water,,88.8,2.3,2,0,"['Torrent', 'Sheer Force']"
161,Sentret,normal,,6,0.8,2,0,"['Run Away', 'Keen Eye', 'Frisk']"
162,Furret,normal,,32.5,1.8,2,0,"['Run Away', 'Keen Eye', 'Frisk']"
163,Hoothoot,normal,flying,21.2,0.7,2,0,"['Insomnia', 'Keen Eye', 'Tinted Lens']"
164,Noctowl,normal,flying,40.8,1.6,2,0,"['Insomnia', 'Keen Eye', 'Tinted Lens']"
165,Ledyba,bug,flying,10.8,1,2,0,"['Swarm', 'Early Bird', 'Rattled']"
166,Ledian,bug,flying,35.6,1.4,2,0,"['Swarm', 'Early Bird', 'Iron Fist']"
167,Spinarak,bug,poison,8.5,0.5,2,0,"['Swarm', 'Insomnia', 'Sniper']"
168,Ariados,bug,poison,33.5,1.1,2,0,"['Swarm', 'Insomnia', 'Sniper']"
169,Crobat,poison,flying,75,1.8,2,0,"['Inner Focus', 'Infiltrator']"
170,Chinchou,water,electric,12,0.5,2,0,"['Volt Absorb', 'Illuminate', 'Water Absorb']"
171,Lanturn,water,electric,22.5,1.2,2,0,"['Volt Absorb', 'Illuminate', 'Water Absorb']"
172,Pichu,electric,,2,0.3,2,0,"['Static', 'Lightningrod']"
173,Cleffa,fairy,,3,0.3,2,0,"['Cute Charm', 'Magic Guard', 'Friend Guard']"
174,Igglybuff,normal,fairy,1,0.3,2,0,"['Cute Charm', 'Competitive', 'Friend Guard']"
175,Togepi,fairy,,1.5,0.3,2,0,"['Hustle', 'Serene Grace', 'Super Luck']"
176,Togetic,fairy,flying,3.2,0.6,2,0,"['Hustle', 'Serene Grace', 'Super Luck']"
177,Natu,psychic,flying,2,0.2,2,0,"['Synchronize', 'Early Bird', 'Magic Bounce']"
178,Xatu,psychic,flying,15,1.5,2,0,"['Synchronize', 'Early Bird', 'Magic Bounce']"
179,Mareep,electric,,7.8,0.6,2,0,"['Static', 'Plus']"
180,Flaaffy,electric,,13.3,0.8,2,0,"['Static', 'Plus']"
181,Ampharos,electric,,61.5,1.4,2,0,"['Static', 'Plus']"
182,Bellossom,grass,,5.8,0.4,2,0,"['Chlorophyll', 'Healer']"
183,Marill,water,fairy,8.5,0.4,2,0,"['Thick Fat', 'Huge Power', 'Sap Sipper']"
184,Azumarill,water,fairy,28.5,0.8,2,0,"['Thick Fat', 'Huge Power', 'Sap Sipper']"
185,Sudowoodo,rock,,38,1.2,2,0,"['Sturdy', 'Rock Head', 'Rattled']"
186,Politoed,water,,33.9,1.1,2,0,"['Water Absorb', 'Damp', 'Drizzle']"
187,Hoppip,grass,flying,0.5,0.4,2,0,"['Chlorophyll', 'Leaf Guard', 'Infiltrator']"
188,Skiploom,grass,flying,1,0.6,2,0,"['Chlorophyll', 'Leaf Guard', 'Infiltrator']"
189,Jumpluff,grass,flying,3,0.8,2,0,"['Chlorophyll', 'Leaf Guard', 'Infiltrator']"
190,Aipom,normal,,11.5,0.8,2,0,"['Run Away', 'Pickup', 'Skill Link']"
191,Sunkern,grass,,1.8,0.3,2,0,"['Chlorophyll', 'Solar Power', 'Early Bird']"
192,Sunflora,grass,,8.5,0.8,2,0,"['Chlorophyll', 'Solar Power', 'Early Bird']"
193,Yanma,bug,flying,38,1.2,2,0,"['Speed Boost', 'Compoundeyes', 'Frisk']"
194,Wooper,water,ground,8.5,0.4,2,0,"['Damp', 'Water Absorb', 'Unaware']"
195,Quagsire,water,ground,75,1.4,2,0,"['Damp', 'Water Absorb', 'Unaware']"
196,Espeon,psychic,,26.5,0.9,2,0,"['Synchronize', 'Magic Bounce']"
197,Umbreon,dark,,27,1,2,0,"['Synchronize', 'Inner Focus']"
198,Murkrow,dark,flying,2.1,0.5,2,0,"['Insomnia', 'Super Luck', 'Prankster']"
199,Slowking,water,psychic,79.5,2,2,0,"['Oblivious', 'Own Tempo', 'Regenerator']"
200,Misdreavus,ghost,,1,0.7,2,0,['Levitate']
201,Unown,psychic,,5,0.5,2,0,['Levitate']
202,Wobbuffet,psychic,,28.5,1.3,2,0,"['Shadow Tag', 'Telepathy']"
203,Girafarig,normal,psychic,41.5,1.5,2,0,"['Inner Focus', 'Early Bird', 'Sap Sipper']"
204,Pineco,bug,,7.2,0.6,2,0,"['Sturdy', 'Overcoat']"
205,Forretress,bug,steel,125.8,1.2,2,0,"['Sturdy', 'Overcoat']"
206,Dunsparce,normal,,14,1.5,2,0,"['Serene Grace', 'Run Away', 'Rattled']"
207,Gligar,ground,flying,64.8,1.1,2,0,"['Hyper Cutter', 'Sand Veil', 'Immunity']"
208,Steelix,steel,ground,400,9.2,2,0,"['Rock Head', 'Sturdy', 'Sheer Force']"
209,Snubbull,fairy,,7.8,0.6,2,0,"['Intimidate', 'Run Away', 'Rattled']"
210,Granbull,fairy,,48.7,1.4,2,0,"['Intimidate', 'Quick Feet', 'Rattled']"
211,Qwilfish,water,poison,3.9,0.5,2,0,"['Poison Point', 'Swift Swim', 'Intimidate']"
212,Scizor,bug,steel,118,1.8,2,0,"['Swarm', 'Technician', 'Light Metal']"
213,Shuckle,bug,rock,20.5,0.6,2,0,"['Sturdy', 'Gluttony', 'Contrary']"
214,Heracross,bug,fighting,54,1.5,2,0,"['Swarm', 'Guts', 'Moxie']"
215,Sneasel,dark,ice,28,0.9,2,0,"['Inner Focus', 'Keen Eye', 'Pickpocket']"
216,Teddiursa,normal,,8.8,0.6,2,0,"['Pickup', 'Quick Feet', 'Honey Gather']"
217,Ursaring,normal,,125.8,1.8,2,0,"['Guts', 'Quick Feet', 'Unnerve']"
218,Slugma,fire,,35,0.7,2,0,"['Magma Armor', 'Flame Body', 'Weak Armor']"
219,Magcargo,fire,rock,55,0.8,2,0,"['Magma Armor', 'Flame Body', 'Weak Armor']"
220,Swinub,ice,ground,6.5,0.4,2,0,"['Oblivious', 'Snow Cloak', 'Thick Fat']"
221,Piloswine,ice,ground,55.8,1.1,2,0,"['Oblivious', 'Snow Cloak', 'Thick Fat']"
222,Corsola,water,rock,5,0.6,2,0,"['Hustle', 'Natural Cure', 'Regenerator']"
223,Remoraid,water,,12,0.6,2,0,"['Hustle', 'Sniper', 'Moody']"
224,Octillery,water,,28.5,0.9,2,0,"['Suction Cups', 'Sniper', 'Moody']"
225,Delibird,ice,flying,16,0.9,2,0,"['Vital Spirit', 'Hustle', 'Insomnia']"
226,Mantine,water,flying,220,2.1,2,0,"['Swift Swim', 'Water Absorb', 'Water Veil']"
227,Skarmory,steel,flying,50.5,1.7,2,0,"['Keen Eye', 'Sturdy', 'Weak Armor']"
228,Houndour,dark,fire,10.8,0.6,2,0,"['Early Bird', 'Flash Fire', 'Unnerve']"
229,Houndoom,dark,fire,35,1.4,2,0,"['Early Bird', 'Flash Fire', 'Unnerve']"
230,Kingdra,water,dragon,152,1.8,2,0,"['Swift Swim', 'Sniper', 'Damp']"
231,Phanpy,ground,,33.5,0.5,2,0,"['Pickup', 'Sand Veil']"
232,Donphan,ground,,120,1.1,2,0,"['Sturdy', 'Sand Veil']"
233,Porygon2,normal,,32.5,0.6,2,0,"['Trace', 'Download', 'Analytic']"
234,Stantler,normal,,71.2,1.4,2,0,"['Intimidate', 'Frisk', 'Sap Sipper']"
235,Smeargle,normal,,58,1.2,2,0,"['Own Tempo', 'Technician', 'Moody']"
236,Tyrogue,fighting,,21,0.7,2,0,"['Guts', 'Steadfast', 'Vital Spirit']"
237,Hitmontop,fighting,,48,1.4,2,0,"['Intimidate', 'Technician', 'Steadfast']"
238,Smoochum,ice,psychic,6,0.4,2,0,"['Oblivious', 'Forewarn', 'Hydration']"
239,Elekid,electric,,23.5,0.6,2,0,"['Static', 'Vital Spirit']"
240,Magby,fire,,21.4,0.7,2,0,"['Flame Body', 'Vital Spirit']"
241,Miltank,normal,,75.5,1.2,2,0,"['Thick Fat', 'Scrappy', 'Sap Sipper']"
242,Blissey,normal,,46.8,1.5,2,0,"['Natural Cure', 'Serene Grace', 'Healer']"
243,Raikou,electric,,178,1.9,2,1,"['Pressure', 'Inner Focus']"
244,Entei,fire,,198,2.1,2,1,"['Pressure', 'Inner Focus']"
245,Suicune,water,,187,2,2,1,"['Pressure', 'Inner Focus']"
246,Larvitar,rock,ground,72,0.6,2,0,"['Guts', 'Sand Veil']"
247,Pupitar,rock,ground,152,1.2,2,0,['Shed Skin']
248,Tyranitar,rock,dark,202,2,2,0,"['Sand Stream', 'Unnerve']"
249,Lugia,psychic,flying,216,5.2,2,1,"['Pressure', 'Multiscale']"
250,Ho-Oh,fire,flying,199,3.8,2,1,"['Pressure', 'Regenerator']"
251,Celebi,psychic,grass,5,0.6,2,1,['Natural Cure']
252,Treecko,grass,,5,0.5,3,0,"['Overgrow', 'Unburden']"
253,Grovyle,grass,,21.6,0.9,3,0,"['Overgrow', 'Unburden']"
254,Sceptile,grass,,52.2,1.7,3,0,"['Overgrow', 'Unburden']"
255,Torchic,fire,,2.5,0.4,3,0,"['Blaze', 'Speed Boost']"
256,Combusken,fire,fighting,19.5,0.9,3,0,"['Blaze', 'Speed Boost']"
257,Blaziken,fire,fighting,52,1.9,3,0,"['Blaze', 'Speed Boost']"
258,Mudkip,water,,7.6,0.4,3,0,"['Torrent', 'Damp']"
259,Marshtomp,water,ground,28,0.7,3,0,"['Torrent', 'Damp']"
260,Swampert,water,ground,81.9,1.5,3,0,"['Torrent', 'Damp']"
261,Poochyena,dark,,13.6,0.5,3,0,"['Run Away', 'Quick Feet', 'Rattled']"
262,Mightyena,dark,,37,1,3,0,"['Intimidate', 'Quick Feet', 'Moxie']"
263,Zigzagoon,normal,,17.5,0.4,3,0,"['Pickup', 'Gluttony', 'Quick Feet']"
264,Linoone,normal,,32.5,0.5,3,0,"['Pickup', 'Gluttony', 'Quick Feet']"
265,Wurmple,bug,,3.6,0.3,3,0,"['Shield Dust', 'Run Away']"
266,Silcoon,bug,,10,0.6,3,0,['Shed Skin']
267,Beautifly,bug,flying,28.4,1,3,0,"['Swarm', 'Rivalry']"
268,Cascoon,bug,,11.5,0.7,3,0,['Shed Skin']
269,Dustox,bug,poison,31.6,1.2,3,0,"['Shield Dust', 'Compoundeyes']"
270,Lotad,water,grass,2.6,0.5,3,0,"['Swift Swim', 'Rain Dish', 'Own Tempo']"
271,Lombre,water,grass,32.5,1.2,3,0,"['Swift Swim', 'Rain Dish', 'Own Tempo']"
272,Ludicolo,water,grass,55,1.5,3,0,"['Swift Swim', 'Rain Dish', 'Own Tempo']"
273,Seedot,grass,,4,0.5,3,0,"['Chlorophyll', 'Early Bird', 'Pickpocket']"
274,Nuzleaf,grass,dark,28,1,3,0,"['Chlorophyll', 'Early Bird', 'Pickpocket']"
275,Shiftry,grass,dark,59.6,1.3,3,0,"['Chlorophyll', 'Early Bird', 'Pickpocket']"
276,Taillow,normal,flying,2.3,0.3,3,0,"['Guts', 'Scrappy']"
277,Swellow,normal,flying,19.8,0.7,3,0,"['Guts', 'Scrappy']"
278,Wingull,water,flying,9.5,0.6,3,0,"['Keen Eye', 'Hydration', 'Rain Dish']"
279,Pelipper,water,flying,28,1.2,3,0,"['Keen Eye', 'Drizzle', 'Rain Dish']"
280,Ralts,psychic,fairy,6.6,0.4,3,0,"['Synchronize', 'Trace', 'Telepathy']"
281,Kirlia,psychic,fairy,20.2,0.8,3,0,"['Synchronize', 'Trace', 'Telepathy']"
282,Gardevoir,psychic,fairy,48.4,1.6,3,0,"['Synchronize', 'Trace', 'Telepathy']"
283,Surskit,bug,water,1.7,0.5,3,0,"['Swift Swim', 'Rain Dish']"
284,Masquerain,bug,flying,3.6,0.8,3,0,"['Intimidate', 'Unnerve']"
285,Shroomish,grass,,4.5,0.4,3,0,"['Effect Spore', 'Poison Heal', 'Quick Feet']"
286,Breloom,grass,fighting,39.2,1.2,3,0,"['Effect Spore', 'Poison Heal', 'Technician']"
287,Slakoth,normal,,24,0.8,3,0,['Truant']
288,Vigoroth,normal,,46.5,1.4,3,0,['Vital Spirit']
289,Slaking,normal,,130.5,2,3,0,['Truant']
290,Nincada,bug,ground,5.5,0.5,3,0,"['Compoundeyes', 'Run Away']"
291,Ninjask,bug,flying,12,0.8,3,0,"['Speed Boost', 'Infiltrator']"
292,Shedinja,bug,ghost,1.2,0.8,3,0,['Wonder Guard']
293,Whismur,normal,,16.3,0.6,3,0,"['Soundproof', 'Rattled']"
294,Loudred,normal,,40.5,1,3,0,"['Soundproof', 'Scrappy']"
295,Exploud,normal,,84,1.5,3,0,"['Soundproof', 'Scrappy']"
296,Makuhita,fighting,,86.4,1,3,0,"['Thick Fat', 'Guts', 'Sheer Force']"
297,Hariyama,fighting,,253.8,2.3,3,0,"['Thick Fat', 'Guts', 'Sheer Force']"
298,Azurill,normal,fairy,2,0.2,3,0,"['Thick Fat', 'Huge Power', 'Sap Sipper']"
299,Nosepass,rock,,97,1,3,0,"['Sturdy', 'Magnet Pull', 'Sand Force']"
300,Skitty,normal,,11,0.6,3,0,"['Cute Charm', 'Normalize', 'Wonder Skin ']"
301,Delcatty,normal,,32.6,1.1,3,0,"['Cute Charm', 'Normalize', 'Wonder Skin ']"
302,Sableye,dark,ghost,11,0.5,3,0,"['Keen Eye', 'Stall', 'Prankster']"
303,Mawile,steel,fairy,11.5,0.6,3,0,"['Hyper Cutter', 'Intimidate', 'Sheer Force']"
304,Aron,steel,rock,60,0.4,3,0,"['Sturdy', 'Rock Head', 'Heavy Metal']"
305,Lairon,steel,rock,120,0.9,3,0,"['Sturdy', 'Rock Head', 'Heavy Metal']"
306,Aggron,steel,rock,360,2.1,3,0,"['Sturdy', 'Rock Head', 'Heavy Metal']"
307,Meditite,fighting,psychic,11.2,0.6,3,0,"['Pure Power', 'Telepathy']"
308,Medicham,fighting,psychic,31.5,1.3,3,0,"['Pure Power', 'Telepathy']"
309,Electrike,electric,,15.2,0.6,3,0,"['Static', 'Lightningrod', 'Minus']"
310,Manectric,electric,,40.2,1.5,3,0,"['Static', 'Lightningrod', 'Minus']"
311,Plusle,electric,,4.2,0.4,3,0,"['Plus', 'Lightningrod']"
312,Minun,electric,,4.2,0.4,3,0,"['Minus', 'Volt Absorb']"
313,Volbeat,bug,,17.7,0.7,3,0,"['Illuminate', 'Swarm', 'Prankster']"
314,Illumise,bug,,17.7,0.6,3,0,"['Oblivious', 'Tinted Lens', 'Prankster']"
315,Roselia,grass,poison,2,0.3,3,0,"['Natural Cure', 'Poison Point', 'Leaf Guard']"
316,Gulpin,poison,,10.3,0.4,3,0,"['Liquid Ooze', 'Sticky Hold', 'Gluttony']"
317,Swalot,poison,,80,1.7,3,0,"['Liquid Ooze', 'Sticky Hold', 'Gluttony']"
318,Carvanha,water,dark,20.8,0.8,3,0,"['Rough Skin', 'Speed Boost']"
319,Sharpedo,water,dark,88.8,1.8,3,0,"['Rough Skin', 'Speed Boost']"
320,Wailmer,water,,130,2,3,0,"['Water Veil', 'Oblivious', 'Pressure']"
321,Wailord,water,,398,14.5,3,0,"['Water Veil', 'Oblivious', 'Pressure']"
322,Numel,fire,ground,24,0.7,3,0,"['Oblivious', 'Simple', 'Own Tempo']"
323,Camerupt,fire,ground,220,1.9,3,0,"['Magma Armor', 'Solid Rock', 'Anger Point']"
324,Torkoal,fire,,80.4,0.5,3,0,"['White Smoke', 'Drought', 'Shell Armor']"
325,Spoink,psychic,,30.6,0.7,3,0,"['Thick Fat', 'Own Tempo', 'Gluttony']"
326,Grumpig,psychic,,71.5,0.9,3,0,"['Thick Fat', 'Own Tempo', 'Gluttony']"
327,Spinda,normal,,5,1.1,3,0,"['Own Tempo', 'Tangled Feet', 'Contrary']"
328,Trapinch,ground,,15,0.7,3,0,"['Hyper Cutter', 'Arena Trap', 'Sheer Force']"
329,Vibrava,ground,dragon,15.3,1.1,3,0,['Levitate']
330,Flygon,ground,dragon,82,2,3,0,['Levitate']
331,Cacnea,grass,,51.3,0.4,3,0,"['Sand Veil', 'Water Absorb']"
332,Cacturne,grass,dark,77.4,1.3,3,0,"['Sand Veil', 'Water Absorb']"
333,Swablu,normal,flying,1.2,0.4,3,0,"['Natural Cure', 'Cloud Nine']"
334,Altaria,dragon,flying,20.6,1.1,3,0,"['Natural Cure', 'Cloud Nine']"
335,Zangoose,normal,,40.3,1.3,3,0,"['Immunity', 'Toxic Boost']"
336,Seviper,poison,,52.5,2.7,3,0,"['Shed Skin', 'Infiltrator']"
337,Lunatone,rock,psychic,168,1,3,0,['Levitate']
338,Solrock,rock,psychic,154,1.2,3,0,['Levitate']
339,Barboach,water,ground,1.9,0.4,3,0,"['Oblivious', 'Anticipation', 'Hydration']"
340,Whiscash,water,ground,23.6,0.9,3,0,"['Oblivious', 'Anticipation', 'Hydration']"
341,Corphish,water,,11.5,0.6,3,0,"['Hyper Cutter', 'Shell Armor', 'Adaptability']"
342,Crawdaunt,water,dark,32.8,1.1,3,0,"['Hyper Cutter', 'Shell Armor', 'Adaptability']"
343,Baltoy,ground,psychic,21.5,0.5,3,0,['Levitate']
344,Claydol,ground,psychic,108,1.5,3,0,['Levitate']
345,Lileep,rock,grass,23.8,1,3,0,"['Suction Cups', 'Storm Drain']"
346,Cradily,rock,grass,60.4,1.5,3,0,"['Suction Cups', 'Storm Drain']"
347,Anorith,rock,bug,12.5,0.7,3,0,"['Battle Armor', 'Swift Swim']"
348,Armaldo,rock,bug,68.2,1.5,3,0,"['Battle Armor', 'Swift Swim']"
349,Feebas,water,,7.4,0.6,3,0,"['Swift Swim', 'Oblivious', 'Adaptability']"
350,Milotic,water,,162,6.2,3,0,"['Marvel Scale', 'Competitive', 'Cute Charm']"
351,Castform,normal,,0.8,0.3,3,0,['Forecast']
352,Kecleon,normal,,22,1,3,0,"['Color Change', 'Protean']"
353,Shuppet,ghost,,2.3,0.6,3,0,"['Insomnia', 'Frisk', 'Cursed Body']"
354,Banette,ghost,,12.5,1.1,3,0,"['Insomnia', 'Frisk', 'Cursed Body']"
355,Duskull,ghost,,15,0.8,3,0,"['Levitate', 'Frisk']"
356,Dusclops,ghost,,30.6,1.6,3,0,"['Pressure', 'Frisk']"
357,Tropius,grass,flying,100,2,3,0,"['Chlorophyll', 'Solar Power', 'Harvest']"
358,Chimecho,psychic,,1,0.6,3,0,['Levitate']
359,Absol,dark,,47,1.2,3,0,"['Pressure', 'Super Luck', 'Justified']"
360,Wynaut,psychic,,14,0.6,3,0,"['Shadow Tag', 'Telepathy']"
361,Snorunt,ice,,16.8,0.7,3,0,"['Inner Focus', 'Ice Body', 'Moody']"
362,Glalie,ice,,256.5,1.5,3,0,"['Inner Focus', 'Ice Body', 'Moody']"
363,Spheal,ice,water,39.5,0.8,3,0,"['Thick Fat', 'Ice Body', 'Oblivious']"
364,Sealeo,ice,water,87.6,1.1,3,0,"['Thick Fat', 'Ice Body', 'Oblivious']"
365,Walrein,ice,water,150.6,1.4,3,0,"['Thick Fat', 'Ice Body', 'Oblivious']"
366,Clamperl,water,,52.5,0.4,3,0,"['Shell Armor', 'Rattled']"
367,Huntail,water,,27,1.7,3,0,"['Swift Swim', 'Water Veil']"
368,Gorebyss,water,,22.6,1.8,3,0,"['Swift Swim', 'Hydration']"
369,Relicanth,water,rock,23.4,1,3,0,"['Swift Swim', 'Rock Head', 'Sturdy']"
370,Luvdisc,water,,8.7,0.6,3,0,"['Swift Swim', 'Hydration']"
371,Bagon,dragon,,42.1,0.6,3,0,"['Rock Head', 'Sheer Force']"
372,Shelgon,dragon,,110.5,1.1,3,0,"['Rock Head', 'Overcoat']"
373,Salamence,dragon,flying,102.6,1.5,3,0,"['Intimidate', 'Moxie']"
374,Beldum,steel,psychic,95.2,0.6,3,0,"['Clear Body', 'Light Metal']"
375,Metang,steel,psychic,202.5,1.2,3,0,"['Clear Body', 'Light Metal']"
376,Metagross,steel,psychic,550,1.6,3,0,"['Clear Body', 'Light Metal']"
377,Regirock,rock,,230,1.7,3,1,"['Clear Body', 'Sturdy']"
378,Regice,ice,,175,1.8,3,1,"['Clear Body', 'Ice Body']"
379,Registeel,steel,,205,1.9,3,1,"['Clear Body', 'Light Metal']"
380,Latias,dragon,psychic,40,1.4,3,1,['Levitate']
381,Latios,dragon,psychic,60,2,3,1,['Levitate']
382,Kyogre,water,,352,4.5,3,1,['Drizzle']
383,Groudon,ground,,950,3.5,3,1,['Drought']
384,Rayquaza,dragon,flying,206.5,7,3,1,['Air Lock']
385,Jirachi,steel,psychic,1.1,0.3,3,1,['Serene Grace']
386,Deoxys,psychic,,60.8,1.7,3,1,['Pressure']
387,Turtwig,grass,,10.2,0.4,4,0,"['Overgrow', 'Shell Armor']"
388,Grotle,grass,,97,1.1,4,0,"['Overgrow', 'Shell Armor']"
389,Torterra,grass,ground,310,2.2,4,0,"['Overgrow', 'Shell Armor']"
390,Chimchar,fire,,6.2,0.5,4,0,"['Blaze', 'Iron Fist']"
391,Monferno,fire,fighting,22,0.9,4,0,"['Blaze', 'Iron Fist']"
392,Infernape,fire,fighting,55,1.2,4,0,"['Blaze', 'Iron Fist']"
393,Piplup,water,,5.2,0.4,4,0,"['Torrent', 'Defiant']"
394,Prinplup,water,,23,0.8,4,0,"['Torrent', 'Defiant']"
395,Empoleon,water,steel,84.5,1.7,4,0,"['Torrent', 'Defiant']"
396,Starly,normal,flying,2,0.3,4,0,"['Keen Eye', 'Reckless']"
397,Staravia,normal,flying,15.5,0.6,4,0,"['Intimidate', 'Reckless']"
398,Staraptor,normal,flying,24.9,1.2,4,0,"['Intimidate', 'Reckless']"
399,Bidoof,normal,,20,0.5,4,0,"['Simple', 'Unaware', 'Moody']"
400,Bibarel,normal,water,31.5,1,4,0,"['Simple', 'Unaware', 'Moody']"
401,Kricketot,bug,,2.2,0.3,4,0,"['Shed Skin', 'Run Away']"
402,Kricketune,bug,,25.5,1,4,0,"['Swarm', 'Technician']"
403,Shinx,electric,,9.5,0.5,4,0,"['Rivalry', 'Intimidate', 'Guts']"
404,Luxio,electric,,30.5,0.9,4,0,"['Rivalry', 'Intimidate', 'Guts']"
405,Luxray,electric,,42,1.4,4,0,"['Rivalry', 'Intimidate', 'Guts']"
406,Budew,grass,poison,1.2,0.2,4,0,"['Natural Cure', 'Poison Point', 'Leaf Guard']"
407,Roserade,grass,poison,14.5,0.9,4,0,"['Natural Cure', 'Poison Point', 'Technician']"
408,Cranidos,rock,,31.5,0.9,4,0,"['Mold Breaker', 'Sheer Force']"
409,Rampardos,rock,,102.5,1.6,4,0,"['Mold Breaker', 'Sheer Force']"
410,Shieldon,rock,steel,57,0.5,4,0,"['Sturdy', 'Soundproof']"
411,Bastiodon,rock,steel,149.5,1.3,4,0,"['Sturdy', 'Soundproof']"
412,Burmy,bug,,3.4,0.2,4,0,"['Shed Skin', 'Overcoat']"
413,Wormadam,bug,grass,6.5,0.5,4,0,"['Anticipation', 'Overcoat']"
414,Mothim,bug,flying,23.3,0.9,4,0,"['Swarm', 'Tinted Lens']"
415,Combee,bug,flying,5.5,0.3,4,0,"['Honey Gather', 'Hustle']"
416,Vespiquen,bug,flying,38.5,1.2,4,0,"['Pressure', 'Unnerve']"
417,Pachirisu,electric,,3.9,0.4,4,0,"['Run Away', 'Pickup', 'Volt Absorb']"
418,Buizel,water,,29.5,0.7,4,0,"['Swift Swim', 'Water Veil']"
419,Floatzel,water,,33.5,1.1,4,0,"['Swift Swim', 'Water Veil']"
420,Cherubi,grass,,3.3,0.4,4,0,['Chlorophyll']
421,Cherrim,grass,,9.3,0.5,4,0,['Flower Gift']
422,Shellos,water,,6.3,0.3,4,0,"['Sticky Hold', 'Storm Drain', 'Sand Force']"
423,Gastrodon,water,ground,29.9,0.9,4,0,"['Sticky Hold', 'Storm Drain', 'Sand Force']"
424,Ambipom,normal,,20.3,1.2,4,0,"['Technician', 'Pickup', 'Skill Link']"
425,Drifloon,ghost,flying,1.2,0.4,4,0,"['Aftermath', 'Unburden', 'Flare Boost']"
426,Drifblim,ghost,flying,15,1.2,4,0,"['Aftermath', 'Unburden', 'Flare Boost']"
427,Buneary,normal,,5.5,0.4,4,0,"['Run Away', 'Klutz', 'Limber']"
428,Lopunny,normal,,33.3,1.2,4,0,"['Cute Charm', 'Klutz', 'Limber']"
429,Mismagius,ghost,,4.4,0.9,4,0,['Levitate']
430,Honchkrow,dark,flying,27.3,0.9,4,0,"['Insomnia', 'Super Luck', 'Moxie']"
431,Glameow,normal,,3.9,0.5,4,0,"['Limber', 'Own Tempo', 'Keen Eye']"
432,Purugly,normal,,43.8,1,4,0,"['Thick Fat', 'Own Tempo', 'Defiant']"
433,Chingling,psychic,,0.6,0.2,4,0,['Levitate']
434,Stunky,poison,dark,19.2,0.4,4,0,"['Stench', 'Aftermath', 'Keen Eye']"
435,Skuntank,poison,dark,38,1,4,0,"['Stench', 'Aftermath', 'Keen Eye']"
436,Bronzor,steel,psychic,60.5,0.5,4,0,"['Levitate', 'Heatproof', 'Heavy Metal']"
437,Bronzong,steel,psychic,187,1.3,4,0,"['Levitate', 'Heatproof', 'Heavy Metal']"
438,Bonsly,rock,,15,0.5,4,0,"['Sturdy', 'Rock Head', 'Rattled']"
439,Mime Jr.,psychic,fairy,13,0.6,4,0,"['Soundproof', 'Filter', 'Technician']"
440,Happiny,normal,,24.4,0.6,4,0,"['Natural Cure', 'Serene Grace', 'Friend Guard']"
441,Chatot,normal,flying,1.9,0.5,4,0,"['Keen Eye', 'Tangled Feet', 'Big Pecks']"
442,Spiritomb,ghost,dark,108,1,4,0,"['Pressure', 'Infiltrator']"
443,Gible,dragon,ground,20.5,0.7,4,0,"['Sand Veil', 'Rough Skin']"
444,Gabite,dragon,ground,56,1.4,4,0,"['Sand Veil', 'Rough Skin']"
445,Garchomp,dragon,ground,95,1.9,4,0,"['Sand Veil', 'Rough Skin']"
446,Munchlax,normal,,105,0.6,4,0,"['Pickup', 'Thick Fat', 'Gluttony']"
447,Riolu,fighting,,20.2,0.7,4,0,"['Steadfast', 'Inner Focus', 'Prankster']"
448,Lucario,fighting,steel,54,1.2,4,0,"['Steadfast', 'Inner Focus', 'Justified']"
449,Hippopotas,ground,,49.5,0.8,4,0,"['Sand Stream', 'Sand Force']"
450,Hippowdon,ground,,300,2,4,0,"['Sand Stream', 'Sand Force']"
451,Skorupi,poison,bug,12,0.8,4,0,"['Battle Armor', 'Sniper', 'Keen Eye']"
452,Drapion,poison,dark,61.5,1.3,4,0,"['Battle Armor', 'Sniper', 'Keen Eye']"
453,Croagunk,poison,fighting,23,0.7,4,0,"['Anticipation', 'Dry Skin', 'Poison Touch']"
454,Toxicroak,poison,fighting,44.4,1.3,4,0,"['Anticipation', 'Dry Skin', 'Poison Touch']"
455,Carnivine,grass,,27,1.4,4,0,['Levitate']
456,Finneon,water,,7,0.4,4,0,"['Swift Swim', 'Storm Drain', 'Water Veil']"
457,Lumineon,water,,24,1.2,4,0,"['Swift Swim', 'Storm Drain', 'Water Veil']"
458,Mantyke,water,flying,65,1,4,0,"['Swift Swim', 'Water Absorb', 'Water Veil']"
459,Snover,grass,ice,50.5,1,4,0,"['Snow Warning', 'Soundproof']"
460,Abomasnow,grass,ice,135.5,2.2,4,0,"['Snow Warning', 'Soundproof']"
461,Weavile,dark,ice,34,1.1,4,0,"['Pressure', 'Pickpocket']"
462,Magnezone,electric,steel,180,1.2,4,0,"['Magnet Pull', 'Sturdy', 'Analytic']"
463,Lickilicky,normal,,140,1.7,4,0,"['Own Tempo', 'Oblivious', 'Cloud Nine']"
464,Rhyperior,ground,rock,282.8,2.4,4,0,"['Lightningrod', 'Solid Rock', 'Reckless']"
465,Tangrowth,grass,,128.6,2,4,0,"['Chlorophyll', 'Leaf Guard', 'Regenerator']"
466,Electivire,electric,,138.6,1.8,4,0,"['Motor Drive', 'Vital Spirit']"
467,Magmortar,fire,,68,1.6,4,0,"['Flame Body', 'Vital Spirit']"
468,Togekiss,fairy,flying,38,1.5,4,0,"['Hustle', 'Serene Grace', 'Super Luck']"
469,Yanmega,bug,flying,51.5,1.9,4,0,"['Speed Boost', 'Tinted Lens', 'Frisk']"
470,Leafeon,grass,,25.5,1,4,0,"['Leaf Guard', 'Chlorophyll']"
471,Glaceon,ice,,25.9,0.8,4,0,"['Snow Cloak', 'Ice Body']"
472,Gliscor,ground,flying,42.5,2,4,0,"['Hyper Cutter', 'Sand Veil', 'Poison Heal']"
473,Mamoswine,ice,ground,291,2.5,4,0,"['Oblivious', 'Snow Cloak', 'Thick Fat']"
474,Porygon-Z,normal,,34,0.9,4,0,"['Adaptability', 'Download', 'Analytic']"
475,Gallade,psychic,fighting,52,1.6,4,0,"['Steadfast', 'Justified']"
476,Probopass,rock,steel,340,1.4,4,0,"['Sturdy', 'Magnet Pull', 'Sand Force']"
477,Dusknoir,ghost,,106.6,2.2,4,0,"['Pressure', 'Frisk']"
478,Froslass,ice,ghost,26.6,1.3,4,0,"['Snow Cloak', 'Cursed Body']"
479,Rotom,electric,ghost,0.3,0.3,4,0,['Levitate']
480,Uxie,psychic,,0.3,0.3,4,1,['Levitate']
481,Mesprit,psychic,,0.3,0.3,4,1,['Levitate']
482,Azelf,psychic,,0.3,0.3,4,1,['Levitate']
483,Dialga,steel,dragon,683,5.4,4,1,"['Pressure', 'Telepathy']"
484,Palkia,water,dragon,336,4.2,4,1,"['Pressure', 'Telepathy']"
485,Heatran,fire,steel,430,1.7,4,1,"['Flash Fire', 'Flame Body']"
486,Regigigas,normal,,420,3.7,4,1,['Slow Start']
487,Giratina,ghost,dragon,750,4.5,4,1,"['Pressure', 'Telepathy', 'Levitate']"
488,Cresselia,psychic,,85.6,1.5,4,1,['Levitate']
489,Phione,water,,3.1,0.4,4,0,['Hydration']
490,Manaphy,water,,1.4,0.3,4,1,['Hydration']
491,Darkrai,dark,,50.5,1.5,4,1,['Bad Dreams']
492,Shaymin,grass,grass,2.1,0.2,4,1,"['Natural Cure', 'Serene Grace']"
493,Arceus,normal,,320,3.2,4,1,['Multitype']
494,Victini,psychic,fire,4,0.4,5,1,['Victory Star']
495,Snivy,grass,,8.1,0.6,5,0,"['Overgrow', 'Contrary']"
496,Servine,grass,,16,0.8,5,0,"['Overgrow', 'Contrary']"
497,Serperior,grass,,63,3.3,5,0,"['Overgrow', 'Contrary']"
498,Tepig,fire,,9.9,0.5,5,0,"['Blaze', 'Thick Fat']"
499,Pignite,fire,fighting,55.5,1,5,0,"['Blaze', 'Thick Fat']"
500,Emboar,fire,fighting,150,1.6,5,0,"['Blaze', 'Reckless']"
501,Oshawott,water,,5.9,0.5,5,0,"['Torrent', 'Shell Armor']"
502,Dewott,water,,24.5,0.8,5,0,"['Torrent', 'Shell Armor']"
503,Samurott,water,,94.6,1.5,5,0,"['Torrent', 'Shell Armor']"
504,Patrat,normal,,11.6,0.5,5,0,"['Run Away', 'Keen Eye', 'Analytic']"
505,Watchog,normal,,27,1.1,5,0,"['Illuminate', 'Keen Eye', 'Analytic']"
506,Lillipup,normal,,4.1,0.4,5,0,"['Vital Spirit', 'Pickup', 'Run Away']"
507,Herdier,normal,,14.7,0.9,5,0,"['Intimidate', 'Sand Rush', 'Scrappy']"
508,Stoutland,normal,,61,1.2,5,0,"['Intimidate', 'Sand Rush', 'Scrappy']"
509,Purrloin,dark,,10.1,0.4,5,0,"['Limber', 'Unburden', 'Prankster']"
510,Liepard,dark,,37.5,1.1,5,0,"['Limber', 'Unburden', 'Prankster']"
511,Pansage,grass,,10.5,0.6,5,0,"['Gluttony', 'Overgrow']"
512,Simisage,grass,,30.5,1.1,5,0,"['Gluttony', 'Overgrow']"
513,Pansear,fire,,11,0.6,5,0,"['Gluttony', 'Blaze']"
514,Simisear,fire,,28,1,5,0,"['Gluttony', 'Blaze']"
515,Panpour,water,,13.5,0.6,5,0,"['Gluttony', 'Torrent']"
516,Simipour,water,,29,1,5,0,"['Gluttony', 'Torrent']"
517,Munna,psychic,,23.3,0.6,5,0,"['Forewarn', 'Synchronize', 'Telepathy']"
518,Musharna,psychic,,60.5,1.1,5,0,"['Forewarn', 'Synchronize', 'Telepathy']"
519,Pidove,normal,flying,2.1,0.3,5,0,"['Big Pecks', 'Super Luck', 'Rivalry']"
520,Tranquill,normal,flying,15,0.6,5,0,"['Big Pecks', 'Super Luck', 'Rivalry']"
521,Unfezant,normal,flying,29,1.2,5,0,"['Big Pecks', 'Super Luck', 'Rivalry']"
522,Blitzle,electric,,29.8,0.8,5,0,"['Lightningrod', 'Motor Drive', 'Sap Sipper']"
523,Zebstrika,electric,,79.5,1.6,5,0,"['Lightningrod', 'Motor Drive', 'Sap Sipper']"
524,Roggenrola,rock,,18,0.4,5,0,"['Sturdy', 'Weak Armor', 'Sand Force']"
525,Boldore,rock,,102,0.9,5,0,"['Sturdy', 'Weak Armor', 'Sand Force']"
526,Gigalith,rock,,260,1.7,5,0,"['Sturdy', 'Sand Stream', 'Sand Force']"
527,Woobat,psychic,flying,2.1,0.4,5,0,"['Unaware', 'Klutz', 'Simple']"
528,Swoobat,psychic,flying,10.5,0.9,5,0,"['Unaware', 'Klutz', 'Simple']"
529,Drilbur,ground,,8.5,0.3,5,0,"['Sand Rush', 'Sand Force', 'Mold Breaker']"
530,Excadrill,ground,steel,40.4,0.7,5,0,"['Sand Rush', 'Sand Force', 'Mold Breaker']"
531,Audino,normal,,31,1.1,5,0,"['Healer', 'Regenerator', 'Klutz']"
532,Timburr,fighting,,12.5,0.6,5,0,"['Guts', 'Sheer Force', 'Iron Fist']"
533,Gurdurr,fighting,,40,1.2,5,0,"['Guts', 'Sheer Force', 'Iron Fist']"
534,Conkeldurr,fighting,,87,1.4,5,0,"['Guts', 'Sheer Force', 'Iron Fist']"
535,Tympole,water,,4.5,0.5,5,0,"['Swift Swim', 'Hydration', 'Water Absorb']"
536,Palpitoad,water,ground,17,0.8,5,0,"['Swift Swim', 'Hydration', 'Water Absorb']"
537,Seismitoad,water,ground,62,1.5,5,0,"['Swift Swim', 'Poison Touch', 'Water Absorb']"
538,Throh,fighting,,55.5,1.3,5,0,"['Guts', 'Inner Focus', 'Mold Breaker']"
539,Sawk,fighting,,51,1.4,5,0,"['Sturdy', 'Inner Focus', 'Mold Breaker']"
540,Sewaddle,bug,grass,2.5,0.3,5,0,"['Swarm', 'Chlorophyll', 'Overcoat']"
541,Swadloon,bug,grass,7.3,0.5,5,0,"['Leaf Guard', 'Chlorophyll', 'Overcoat']"
542,Leavanny,bug,grass,20.5,1.2,5,0,"['Swarm', 'Chlorophyll', 'Overcoat']"
543,Venipede,bug,poison,5.3,0.4,5,0,"['Poison Point', 'Swarm', 'Speed Boost']"
544,Whirlipede,bug,poison,58.5,1.2,5,0,"['Poison Point', 'Swarm', 'Speed Boost']"
545,Scolipede,bug,poison,200.5,2.5,5,0,"['Poison Point', 'Swarm', 'Speed Boost']"
546,Cottonee,grass,fairy,0.6,0.3,5,0,"['Prankster', 'Infiltrator', 'Chlorophyll']"
547,Whimsicott,grass,fairy,6.6,0.7,5,0,"['Prankster', 'Infiltrator', 'Chlorophyll']"
548,Petilil,grass,,6.6,0.5,5,0,"['Chlorophyll', 'Own Tempo', 'Leaf Guard']"
549,Lilligant,grass,,16.3,1.1,5,0,"['Chlorophyll', 'Own Tempo', 'Leaf Guard']"
550,Basculin,water,,18,1,5,0,"['Reckless', 'Rock Head', 'Adaptability', 'Mold Breaker']"
551,Sandile,ground,dark,15.2,0.7,5,0,"['Intimidate', 'Moxie', 'Anger Point']"
552,Krokorok,ground,dark,33.4,1,5,0,"['Intimidate', 'Moxie', 'Anger Point']"
553,Krookodile,ground,dark,96.3,1.5,5,0,"['Intimidate', 'Moxie', 'Anger Point']"
554,Darumaka,fire,,37.5,0.6,5,0,"['Hustle', 'Inner Focus']"
555,Darmanitan,fire,fire,92.9,1.3,5,0,"['Sheer Force', 'Zen Mode']"
556,Maractus,grass,,28,1,5,0,"['Water Absorb', 'Chlorophyll', 'Storm Drain']"
557,Dwebble,bug,rock,14.5,0.3,5,0,"['Sturdy', 'Shell Armor', 'Weak Armor']"
558,Crustle,bug,rock,200,1.4,5,0,"['Sturdy', 'Shell Armor', 'Weak Armor']"
559,Scraggy,dark,fighting,11.8,0.6,5,0,"['Shed Skin', 'Moxie', 'Intimidate']"
560,Scrafty,dark,fighting,30,1.1,5,0,"['Shed Skin', 'Moxie', 'Intimidate']"
561,Sigilyph,psychic,flying,14,1.4,5,0,"['Wonder Skin ', 'Magic Guard', 'Tinted Lens']"
562,Yamask,ghost,,1.5,0.5,5,0,['Mummy']
563,Cofagrigus,ghost,,76.5,1.7,5,0,['Mummy']
564,Tirtouga,water,rock,16.5,0.7,5,0,"['Solid Rock', 'Sturdy', 'Swift Swim']"
565,Carracosta,water,rock,81,1.2,5,0,"['Solid Rock', 'Sturdy', 'Swift Swim']"
566,Archen,rock,flying,9.5,0.5,5,0,['Defeatist']
567,Archeops,rock,flying,32,1.4,5,0,['Defeatist']
568,Trubbish,poison,,31,0.6,5,0,"['Stench', 'Sticky Hold', 'Aftermath']"
569,Garbodor,poison,,107.3,1.9,5,0,"['Stench', 'Weak Armor', 'Aftermath']"
570,Zorua,dark,,12.5,0.7,5,0,['Illusion']
571,Zoroark,dark,,81.1,1.6,5,0,['Illusion']
572,Minccino,normal,,5.8,0.4,5,0,"['Cute Charm', 'Technician', 'Skill Link']"
573,Cinccino,normal,,7.5,0.5,5,0,"['Cute Charm', 'Technician', 'Skill Link']"
574,Gothita,psychic,,5.8,0.4,5,0,"['Frisk', 'Competitive', 'Shadow Tag']"
575,Gothorita,psychic,,18,0.7,5,0,"['Frisk', 'Competitive', 'Shadow Tag']"
576,Gothitelle,psychic,,44,1.5,5,0,"['Frisk', 'Competitive', 'Shadow Tag']"
577,Solosis,psychic,,1,0.3,5,0,"['Overcoat', 'Magic Guard', 'Regenerator']"
578,Duosion,psychic,,8,0.6,5,0,"['Overcoat', 'Magic Guard', 'Regenerator']"
579,Reuniclus,psychic,,20.1,1,5,0,"['Overcoat', 'Magic Guard', 'Regenerator']"
580,Ducklett,water,flying,5.5,0.5,5,0,"['Keen Eye', 'Big Pecks', 'Hydration']"
581,Swanna,water,flying,24.2,1.3,5,0,"['Keen Eye', 'Big Pecks', 'Hydration']"
582,Vanillite,ice,,5.7,0.4,5,0,"['Ice Body', 'Snow Cloak', 'Weak Armor']"
583,Vanillish,ice,,41,1.1,5,0,"['Ice Body', 'Snow Cloak', 'Weak Armor']"
584,Vanilluxe,ice,,57.5,1.3,5,0,"['Ice Body', 'Snow Warning', 'Weak Armor']"
585,Deerling,normal,grass,19.5,0.6,5,0,"['Chlorophyll', 'Sap Sipper', 'Serene Grace']"
586,Sawsbuck,normal,grass,92.5,1.9,5,0,"['Chlorophyll', 'Sap Sipper', 'Serene Grace']"
587,Emolga,electric,flying,5,0.4,5,0,"['Static', 'Motor Drive']"
588,Karrablast,bug,,5.9,0.5,5,0,"['Swarm', 'Shed Skin', 'No Guard']"
589,Escavalier,bug,steel,33,1,5,0,"['Swarm', 'Shell Armor', 'Overcoat']"
590,Foongus,grass,poison,1,0.2,5,0,"['Effect Spore', 'Regenerator']"
591,Amoonguss,grass,poison,10.5,0.6,5,0,"['Effect Spore', 'Regenerator']"
592,Frillish,water,ghost,33,1.2,5,0,"['Water Absorb', 'Cursed Body', 'Damp']"
593,Jellicent,water,ghost,135,2.2,5,0,"['Water Absorb', 'Cursed Body', 'Damp']"
594,Alomomola,water,,31.6,1.2,5,0,"['Healer', 'Hydration', 'Regenerator']"
595,Joltik,bug,electric,0.6,0.1,5,0,"['Compoundeyes', 'Unnerve', 'Swarm']"
596,Galvantula,bug,electric,14.3,0.8,5,0,"['Compoundeyes', 'Unnerve', 'Swarm']"
597,Ferroseed,grass,steel,18.8,0.6,5,0,['Iron Barbs']
598,Ferrothorn,grass,steel,110,1,5,0,"['Iron Barbs', 'Anticipation']"
599,Klink,steel,,21,0.3,5,0,"['Plus', 'Minus', 'Clear Body']"
600,Klang,steel,,51,0.6,5,0,"['Plus', 'Minus', 'Clear Body']"
601,Klinklang,steel,,81,0.6,5,0,"['Plus', 'Minus', 'Clear Body']"
602,Tynamo,electric,,0.3,0.2,5,0,['Levitate']
603,Eelektrik,electric,,22,1.2,5,0,['Levitate']
604,Eelektross,electric,,80.5,2.1,5,0,['Levitate']
605,Elgyem,psychic,,9,0.5,5,0,"['Telepathy', 'Synchronize', 'Analytic']"
606,Beheeyem,psychic,,34.5,1,5,0,"['Telepathy', 'Synchronize', 'Analytic']"
607,Litwick,ghost,fire,3.1,0.3,5,0,"['Flash Fire', 'Flame Body', 'Infiltrator']"
608,Lampent,ghost,fire,13,0.6,5,0,"['Flash Fire', 'Flame Body', 'Infiltrator']"
609,Chandelure,ghost,fire,34.3,1,5,0,"['Flash Fire', 'Flame Body', 'Infiltrator']"
610,Axew,dragon,,18,0.6,5,0,"['Rivalry', 'Mold Breaker', 'Unnerve']"
611,Fraxure,dragon,,36,1,5,0,"['Rivalry', 'Mold Breaker', 'Unnerve']"
612,Haxorus,dragon,,105.5,1.8,5,0,"['Rivalry', 'Mold Breaker', 'Unnerve']"
613,Cubchoo,ice,,8.5,0.5,5,0,"['Snow Cloak', 'Slush Rush', 'Rattled']"
614,Beartic,ice,,260,2.6,5,0,"['Snow Cloak', 'Slush Rush', 'Swift Swim']"
615,Cryogonal,ice,,148,1.1,5,0,['Levitate']
616,Shelmet,bug,,7.7,0.4,5,0,"['Hydration', 'Shell Armor', 'Overcoat']"
617,Accelgor,bug,,25.3,0.8,5,0,"['Hydration', 'Sticky Hold', 'Unburden']"
618,Stunfisk,ground,electric,11,0.7,5,0,"['Static', 'Limber', 'Sand Veil']"
619,Mienfoo,fighting,,20,0.9,5,0,"['Inner Focus', 'Regenerator', 'Reckless']"
620,Mienshao,fighting,,35.5,1.4,5,0,"['Inner Focus', 'Regenerator', 'Reckless']"
621,Druddigon,dragon,,139,1.6,5,0,"['Rough Skin', 'Sheer Force', 'Mold Breaker']"
622,Golett,ground,ghost,92,1,5,0,"['Iron Fist', 'Klutz', 'No Guard']"
623,Golurk,ground,ghost,330,2.8,5,0,"['Iron Fist', 'Klutz', 'No Guard']"
624,Pawniard,dark,steel,10.2,0.5,5,0,"['Defiant', 'Inner Focus', 'Pressure']"
625,Bisharp,dark,steel,70,1.6,5,0,"['Defiant', 'Inner Focus', 'Pressure']"
626,Bouffalant,normal,,94.6,1.6,5,0,"['Reckless', 'Sap Sipper', 'Soundproof']"
627,Rufflet,normal,flying,10.5,0.5,5,0,"['Keen Eye', 'Sheer Force', 'Hustle']"
628,Braviary,normal,flying,41,1.5,5,0,"['Keen Eye', 'Sheer Force', 'Defiant']"
629,Vullaby,dark,flying,9,0.5,5,0,"['Big Pecks', 'Overcoat', 'Weak Armor']"
630,Mandibuzz,dark,flying,39.5,1.2,5,0,"['Big Pecks', 'Overcoat', 'Weak Armor']"
631,Heatmor,fire,,58,1.4,5,0,"['Gluttony', 'Flash Fire', 'White Smoke']"
632,Durant,bug,steel,33,0.3,5,0,"['Swarm', 'Hustle', 'Truant']"
633,Deino,dark,dragon,17.3,0.8,5,0,['Hustle']
634,Zweilous,dark,dragon,50,1.4,5,0,['Hustle']
635,Hydreigon,dark,dragon,160,1.8,5,0,['Levitate']
636,Larvesta,bug,fire,28.8,1.1,5,0,"['Flame Body', 'Swarm']"
637,Volcarona,bug,fire,46,1.6,5,0,"['Flame Body', 'Swarm']"
638,Cobalion,steel,fighting,250,2.1,5,1,['Justified']
639,Terrakion,rock,fighting,260,1.9,5,1,['Justified']
640,Virizion,grass,fighting,200,2,5,1,['Justified']
641,Tornadus,flying,,63,1.5,5,1,"['Prankster', 'Defiant', 'Regenerator']"
642,Thundurus,electric,flying,61,1.5,5,1,"['Prankster', 'Defiant', 'Volt Absorb']"
643,Reshiram,dragon,fire,330,3.2,5,1,['Turboblaze']
644,Zekrom,dragon,electric,345,2.9,5,1,['Teravolt']
645,Landorus,ground,flying,68,1.5,5,1,"['Sand Force', 'Sheer Force', 'Intimidate']"
646,Kyurem,dragon,ice,325,3,5,1,"['Pressure', 'Teravolt', 'Turboblaze']"
647,Keldeo,water,fighting,48.5,1.4,5,1,['Justified']
648,Meloetta,normal,psychic,6.5,0.6,5,1,['Serene Grace']
649,Genesect,bug,steel,82.5,1.5,5,1,['Download']
650,Chespin,grass,,9,0.4,6,0,"['Overgrow', 'Bulletproof']"
651,Quilladin,grass,,29,0.7,6,0,"['Overgrow', 'Bulletproof']"
652,Chesnaught,grass,fighting,90,1.6,6,0,"['Overgrow', 'Bulletproof']"
653,Fennekin,fire,,9.4,0.4,6,0,"['Blaze', 'Magician']"
654,Braixen,fire,,14.5,1,6,0,"['Blaze', 'Magician']"
655,Delphox,fire,psychic,39,1.5,6,0,"['Blaze', 'Magician']"
656,Froakie,water,,7,0.3,6,0,"['Torrent', 'Protean']"
657,Frogadier,water,,10.9,0.6,6,0,"['Torrent', 'Protean']"
658,Greninja,water,dark,40,1.5,6,0,"['Torrent', 'Protean', 'Battle Bond']"
659,Bunnelby,normal,,5,0.4,6,0,"['Pickup', 'Cheek Pouch', 'Huge Power']"
660,Diggersby,normal,ground,42.4,1,6,0,"['Pickup', 'Cheek Pouch', 'Huge Power']"
661,Fletchling,normal,flying,1.7,0.3,6,0,"['Big Pecks', 'Gale Wings']"
662,Fletchinder,fire,flying,16,0.7,6,0,"['Flame Body', 'Gale Wings']"
663,Talonflame,fire,flying,24.5,1.2,6,0,"['Flame Body', 'Gale Wings']"
664,Scatterbug,bug,,2.5,0.3,6,0,"['Shield Dust', 'Compoundeyes', 'Friend Guard']"
665,Spewpa,bug,,8.4,0.3,6,0,"['Shed Skin', 'Friend Guard']"
666,Vivillon,bug,flying,17,1.2,6,0,"['Shield Dust', 'Compoundeyes', 'Friend Guard']"
667,Litleo,fire,normal,13.5,0.6,6,0,"['Rivalry', 'Unnerve', 'Moxie']"
668,Pyroar,fire,normal,81.5,1.5,6,0,"['Rivalry', 'Unnerve', 'Moxie']"
669,Flabébé,fairy,,0.1,0.1,6,0,"['Flower Veil', 'Symbiosis']"
670,Floette,fairy,,0.9,0.2,6,0,"['Flower Veil', 'Symbiosis']"
671,Florges,fairy,,10,1.1,6,0,"['Flower Veil', 'Symbiosis']"
672,Skiddo,grass,,31,0.9,6,0,"['Sap Sipper', 'Grass Pelt']"
673,Gogoat,grass,,91,1.7,6,0,"['Sap Sipper', 'Grass Pelt']"
674,Pancham,fighting,,8,0.6,6,0,"['Iron Fist', 'Mold Breaker', 'Scrappy']"
675,Pangoro,fighting,dark,136,2.1,6,0,"['Iron Fist', 'Mold Breaker', 'Scrappy']"
676,Furfrou,normal,,28,1.2,6,0,['Fur Coat']
677,Espurr,psychic,,3.5,0.3,6,0,"['Keen Eye', 'Infiltrator', 'Own Tempo']"
678,Meowstic,psychic,,8.5,0.6,6,0,"['Keen Eye', 'Infiltrator', 'Prankster', 'Competitive']"
679,Honedge,steel,ghost,2,0.8,6,0,['No Guard']
680,Doublade,steel,ghost,4.5,0.8,6,0,['No Guard']
681,Aegislash,steel,ghost,53,1.7,6,0,['Stance Change']
682,Spritzee,fairy,,0.5,0.2,6,0,"['Healer', 'Aroma Veil']"
683,Aromatisse,fairy,,15.5,0.8,6,0,"['Healer', 'Aroma Veil']"
684,Swirlix,fairy,,3.5,0.4,6,0,"['Sweet Veil', 'Unburden']"
685,Slurpuff,fairy,,5,0.8,6,0,"['Sweet Veil', 'Unburden']"
686,Inkay,dark,psychic,3.5,0.4,6,0,"['Contrary', 'Suction Cups', 'Infiltrator']"
687,Malamar,dark,psychic,47,1.5,6,0,"['Contrary', 'Suction Cups', 'Infiltrator']"
688,Binacle,rock,water,31,0.5,6,0,"['Tough Claws', 'Sniper', 'Pickpocket']"
689,Barbaracle,rock,water,96,1.3,6,0,"['Tough Claws', 'Sniper', 'Pickpocket']"
690,Skrelp,poison,water,7.3,0.5,6,0,"['Poison Point', 'Poison Touch', 'Adaptability']"
691,Dragalge,poison,dragon,81.5,1.8,6,0,"['Poison Point', 'Poison Touch', 'Adaptability']"
692,Clauncher,water,,8.3,0.5,6,0,['Mega Launcher']
693,Clawitzer,water,,35.3,1.3,6,0,['Mega Launcher']
694,Helioptile,electric,normal,6,0.5,6,0,"['Dry Skin', 'Sand Veil', 'Solar Power']"
695,Heliolisk,electric,normal,21,1,6,0,"['Dry Skin', 'Sand Veil', 'Solar Power']"
696,Tyrunt,rock,dragon,26,0.8,6,0,"['Strong Jaw', 'Sturdy']"
697,Tyrantrum,rock,dragon,270,2.5,6,0,"['Strong Jaw', 'Rock Head']"
698,Amaura,rock,ice,25.2,1.3,6,0,"['Refrigerate', 'Snow Warning']"
699,Aurorus,rock,ice,225,2.7,6,0,"['Refrigerate', 'Snow Warning']"
700,Sylveon,fairy,,23.5,1,6,0,"['Cute Charm', 'Pixilate']"
701,Hawlucha,fighting,flying,21.5,0.8,6,0,"['Limber', 'Unburden', 'Mold Breaker']"
702,Dedenne,electric,fairy,2.2,0.2,6,0,"['Cheek Pouch', 'Pickup', 'Plus']"
703,Carbink,rock,fairy,5.7,0.3,6,0,"['Clear Body', 'Sturdy']"
704,Goomy,dragon,,2.8,0.3,6,0,"['Sap Sipper', 'Hydration', 'Gooey']"
705,Sliggoo,dragon,,17.5,0.8,6,0,"['Sap Sipper', 'Hydration', 'Gooey']"
706,Goodra,dragon,,150.5,2,6,0,"['Sap Sipper', 'Hydration', 'Gooey']"
707,Klefki,steel,fairy,3,0.2,6,0,"['Prankster', 'Magician']"
708,Phantump,ghost,grass,7,0.4,6,0,"['Natural Cure', 'Frisk', 'Harvest']"
709,Trevenant,ghost,grass,71,1.5,6,0,"['Natural Cure', 'Frisk', 'Harvest']"
710,Pumpkaboo,ghost,grass,15,0.8,6,0,"['Pickup', 'Frisk', 'Insomnia']"
711,Gourgeist,ghost,grass,39,1.7,6,0,"['Pickup', 'Frisk', 'Insomnia']"
712,Bergmite,ice,,99.5,1,6,0,"['Own Tempo', 'Ice Body', 'Sturdy']"
713,Avalugg,ice,,505,2,6,0,"['Own Tempo', 'Ice Body', 'Sturdy']"
714,Noibat,flying,dragon,8,0.5,6,0,"['Frisk', 'Infiltrator', 'Telepathy']"
715,Noivern,flying,dragon,85,1.5,6,0,"['Frisk', 'Infiltrator', 'Telepathy']"
716,Xerneas,fairy,,215,3,6,1,['Fairy Aura']
717,Yveltal,dark,flying,203,5.8,6,1,['Dark Aura']
718,Zygarde,dragon,ground,284.6,5,6,1,"['Aura Break', 'Power Construct']"
719,Diancie,rock,fairy,8.8,0.7,6,1,['Clear Body']
720,Hoopa,psychic,ghost,,,6,1,['Magician']
721,Volcanion,fire,water,195,1.7,6,1,['Water Absorb']
722,Rowlet,grass,flying,1.5,0.3,7,0,"['Overgrow', 'Long Reach']"
723,Dartrix,grass,flying,16,0.7,7,0,"['Overgrow', 'Long Reach']"
724,Decidueye,grass,ghost,36.6,1.6,7,0,"['Overgrow', 'Long Reach']"
725,Litten,fire,,4.3,0.4,7,0,"['Blaze', 'Intimidate']"
726,Torracat,fire,,25,0.7,7,0,"['Blaze', 'Intimidate']"
727,Incineroar,fire,dark,83,1.8,7,0,"['Blaze', 'Intimidate']"
728,Popplio,water,,7.5,0.4,7,0,"['Torrent', 'Liquid Voice']"
729,Brionne,water,,17.5,0.6,7,0,"['Torrent', 'Liquid Voice']"
730,Primarina,water,fairy,44,1.8,7,0,"['Torrent', 'Liquid Voice']"
731,Pikipek,normal,flying,1.2,0.3,7,0,"['Keen Eye', 'Skill Link', 'Pickup']"
732,Trumbeak,normal,flying,14.8,0.6,7,0,"['Keen Eye', 'Skill Link', 'Pickup']"
733,Toucannon,normal,flying,26,1.1,7,0,"['Keen Eye', 'Skill Link', 'Sheer Force']"
734,Yungoos,normal,,6,0.4,7,0,"['Stakeout', 'Strong Jaw', 'Adaptability']"
735,Gumshoos,normal,,14.2,0.7,7,0,"['Stakeout', 'Strong Jaw', 'Adaptability']"
736,Grubbin,bug,,4.4,0.4,7,0,['Swarm']
737,Charjabug,bug,electric,10.5,0.5,7,0,['Battery']
738,Vikavolt,bug,electric,45,1.5,7,0,['Levitate']
739,Crabrawler,fighting,,7,0.6,7,0,"['Hyper Cutter', 'Iron Fist', 'Anger Point']"
740,Crabominable,fighting,ice,180,1.7,7,0,"['Hyper Cutter', 'Iron Fist', 'Anger Point']"
741,Oricorio,fire,flying,3.4,0.6,7,0,['Dancer']
742,Cutiefly,bug,fairy,0.2,0.1,7,0,"['Honey Gather', 'Shield Dust', 'Sweet Veil']"
743,Ribombee,bug,fairy,0.5,0.2,7,0,"['Honey Gather', 'Shield Dust', 'Sweet Veil']"
744,Rockruff,rock,,9.2,0.5,7,0,"['Keen Eye', 'Vital Spirit', 'Steadfast']"
745,Lycanroc,rock,,,,7,0,"['Keen Eye', 'Sand Rush', 'Steadfast', 'Keen Eye', 'Vital Spirit', 'No Guard']"
746,Wishiwashi,water,,0.3,0.2,7,0,['Schooling']
747,Mareanie,poison,water,8,0.4,7,0,"['Merciless', 'Limber', 'Regenerator']"
748,Toxapex,poison,water,14.5,0.7,7,0,"['Merciless', 'Limber', 'Regenerator']"
749,Mudbray,ground,,110,1,7,0,"['Own Tempo', 'Stamina', 'Inner Focus']"
750,Mudsdale,ground,,920,2.5,7,0,"['Own Tempo', 'Stamina', 'Inner Focus']"
751,Dewpider,water,bug,4,0.3,7,0,"['Water Bubble', 'Water Absorb']"
752,Araquanid,water,bug,82,1.8,7,0,"['Water Bubble', 'Water Absorb']"
753,Fomantis,grass,,1.5,0.3,7,0,"['Leaf Guard', 'Contrary']"
754,Lurantis,grass,,18.5,0.9,7,0,"['Leaf Guard', 'Contrary']"
755,Morelull,grass,fairy,1.5,0.2,7,0,"['Illuminate', 'Effect Spore', 'Rain Dish']"
756,Shiinotic,grass,fairy,11.5,1,7,0,"['Illuminate', 'Effect Spore', 'Rain Dish']"
757,Salandit,poison,fire,4.8,0.6,7,0,"['Corrosion', 'Oblivious']"
758,Salazzle,poison,fire,22.2,1.2,7,0,"['Corrosion', 'Oblivious']"
759,Stufful,normal,fighting,6.8,0.5,7,0,"['Fluffy', 'Klutz', 'Cute Charm']"
760,Bewear,normal,fighting,135,2.1,7,0,"['Fluffy', 'Klutz', 'Unnerve']"
761,Bounsweet,grass,,3.2,0.3,7,0,"['Leaf Guard', 'Oblivious', 'Sweet Veil']"
762,Steenee,grass,,8.2,0.7,7,0,"['Leaf Guard', 'Oblivious', 'Sweet Veil']"
763,Tsareena,grass,,21.4,1.2,7,0,"['Leaf Guard', 'Queenly Majesty', 'Sweet Veil']"
764,Comfey,fairy,,0.3,0.1,7,0,"['Flower Veil', 'Triage', 'Natural Cure']"
765,Oranguru,normal,psychic,76,1.5,7,0,"['Inner Focus', 'Telepathy', 'Symbiosis']"
766,Passimian,fighting,,82.8,2,7,0,"['Receiver', 'Defiant']"
767,Wimpod,bug,water,12,0.5,7,0,['Wimp Out']
768,Golisopod,bug,water,108,2,7,0,['Emergency Exit']
769,Sandygast,ghost,ground,70,0.5,7,0,"['Water Compaction', 'Sand Veil']"
770,Palossand,ghost,ground,250,1.3,7,0,"['Water Compaction', 'Sand Veil']"
771,Pyukumuku,water,,1.2,0.3,7,0,"['Innards Out', 'Unaware']"
772,Type: Null,normal,,120.5,1.9,7,0,['Battle Armor']
773,Silvally,normal,,100.5,2.3,7,0,['RKS System']
774,Minior,rock,flying,40,0.3,7,0,['Shields Down']
775,Komala,normal,,19.9,0.4,7,0,['Comatose']
776,Turtonator,fire,dragon,212,2,7,0,['Shell Armor']
777,Togedemaru,electric,steel,3.3,0.3,7,0,"['Iron Barbs', 'Lightningrod', 'Sturdy']"
778,Mimikyu,ghost,fairy,0.7,0.2,7,0,['Disguise']
779,Bruxish,water,psychic,19,0.9,7,0,"['Dazzling', 'Strong Jaw', 'Wonder Skin ']"
780,Drampa,normal,dragon,185,3,7,0,"['Berserk', 'Sap Sipper', 'Cloud Nine']"
781,Dhelmise,ghost,grass,210,3.9,7,0,['Steelworker']
782,Jangmo-o,dragon,,29.7,0.6,7,0,"['Bulletproof', 'Soundproof', 'Overcoat']"
783,Hakamo-o,dragon,fighting,47,1.2,7,0,"['Bulletproof', 'Soundproof', 'Overcoat']"
784,Kommo-o,dragon,fighting,78.2,1.6,7,0,"['Bulletproof', 'Soundproof', 'Overcoat']"
785,Tapu Koko,electric,fairy,20.5,1.8,7,1,"['Electric Surge', 'Telepathy']"
786,Tapu Lele,psychic,fairy,18.6,1.2,7,1,"['Psychic Surge', 'Telepathy']"
787,Tapu Bulu,grass,fairy,45.5,1.9,7,1,"['Grassy Surge', 'Telepathy']"
788,Tapu Fini,water,fairy,21.2,1.3,7,1,"['Misty Surge', 'Telepathy']"
789,Cosmog,psychic,,0.1,0.2,7,1,['Unaware']
790,Cosmoem,psychic,,999.9,0.1,7,1,['Sturdy']
791,Solgaleo,psychic,steel,230,3.4,7,1,['Full Metal Body']
792,Lunala,psychic,ghost,120,4,7,1,['Shadow Shield']
793,Nihilego,rock,poison,55.5,1.2,7,1,['Beast Boost']
794,Buzzwole,bug,fighting,333.6,2.4,7,1,['Beast Boost']
795,Pheromosa,bug,fighting,25,1.8,7,1,['Beast Boost']
796,Xurkitree,electric,,100,3.8,7,1,['Beast Boost']
797,Celesteela,steel,flying,999.9,9.2,7,1,['Beast Boost']
798,Kartana,grass,steel,0.1,0.3,7,1,['Beast Boost']
799,Guzzlord,dark,dragon,888,5.5,7,1,['Beast Boost']
800,Necrozma,psychic,,230,2.4,7,1,['Prism Armor']
801,Magearna,steel,fairy,80.5,1,7,1,['Soul-Heart']